Time,bloque,LT411_real,LT411_predicho,residual,error_abs,DT412,INT_P101,FQC400_1_corr,FV400_1,PT442,PV442,TT413,TT415,LT426,FT428,PIT410,PIT414,DELTA_TT,DELTA_PIT,alerta_raw,alerta_sostenida
2021-11-06 19:31:50,validacion,60.39641075134277,63.11904338904852,-2.7226326377057504,2.7226326377057504,1222.031201171876,57.03703613281249,3317.323413085939,59.700000762939496,0.1550636619329451,0.0,86.5451431274414,87.4566040039063,50.41087799072268,5.925781536102297,0.4017100930213929,0.705729156732559,-0.9114608764649006,0.304019063711166,False,False
2021-11-06 19:32:00,validacion,60.995369338989256,62.37609004042834,-1.3807207014390812,1.3807207014390812,1223.21610107422,57.242476272583005,3312.471826171876,59.700000762939496,0.1552662074565887,0.0,86.56684494018556,87.4566040039063,50.42823944091798,5.953125238418581,0.4027922749519351,0.705439805984497,-0.8897590637207458,0.3026475310325618,False,False
2021-11-06 19:32:10,validacion,61.68113288879397,63.468303482415685,-1.7871705936217168,1.7871705936217168,1224.453088378907,56.5538185119629,3320.726220703126,59.700000762939496,0.1551215320825575,0.0,86.5885467529297,87.46962509155277,50.40509109497072,5.982205104827883,0.401773750782013,0.7052083253860474,-0.8810783386230696,0.3034345746040343,False,False
2021-11-06 19:32:20,validacion,60.79861068725586,63.19309640761294,-2.394485720357082,2.394485720357082,1224.674450683595,57.85300750732422,3321.251684570314,59.700000762939496,0.1553819477558136,0.0,86.5885467529297,87.4783058166504,50.42245254516602,6.005208635330199,0.4038107872009277,0.7064814686775209,-0.8897590637207031,0.3026706814765932,False,False
2021-11-06 19:32:30,validacion,59.036457061767614,61.35585997232469,-2.3194029105570735,2.3194029105570735,1222.643200683594,57.97164306640625,3326.973583984378,59.700000762939496,0.1557870388031008,0.0,86.5885467529297,87.5000076293945,50.4079845428467,6.034288406372071,0.405115759372711,0.704861104488373,-0.9114608764648012,0.299745345115662,False,False
2021-11-06 19:32:40,validacion,59.77430419921875,62.47174507988615,-2.6974408806674006,2.6974408806674006,1223.567651367189,56.6174758911133,3325.1384277343773,59.700000762939496,0.155671298503876,0.0,86.5885467529297,87.5000076293945,50.4079845428467,6.044271135330203,0.4026331305503847,0.7060185074806211,-0.9114608764648012,0.3033853769302364,False,False
2021-11-06 19:32:50,validacion,60.63078613281253,60.88976280466614,-0.25897667185360973,0.25897667185360973,1224.843701171877,56.53935050964356,3317.175000000002,59.700000762939496,0.1554398179054263,0.0,86.5885467529297,87.5000076293945,50.42245216369631,6.083767747879029,0.4032060503959658,0.7067129492759706,-0.9114608764648012,0.3035068988800047,False,False
2021-11-06 19:33:00,validacion,60.62499961853028,61.12524941413124,-0.5002497956009577,0.5002497956009577,1225.390588378907,57.372684478759766,3306.895166015628,59.700000762939496,0.155381947755814,0.0,86.59722747802736,87.5000076293945,50.43113327026367,6.117621803283693,0.4036516547203063,0.7065393388271335,-0.9027801513671392,0.3028876841068272,False,False
2021-11-06 19:33:10,validacion,59.55729026794434,59.3791731391844,0.17811712875993635,0.17811712875993635,1225.71611328125,57.72280044555665,3309.04196777344,59.700000762939496,0.1557870388031008,0.0,86.631950378418,87.53038482666015,50.42823944091798,6.1393231868743925,0.4049247950315474,0.7064814686775208,-0.8984344482421562,0.3015566736459734,False,False
2021-11-06 19:33:20,validacion,58.69791564941407,57.74576823396912,0.9521474154449479,0.9521474154449479,1224.23172607422,57.34374885559082,3315.7033935546897,59.700000762939496,0.1556134283542636,0.0,86.631950378418,87.53038482666015,50.43402671813965,6.170139169692996,0.4056568443775177,0.7061921179294586,-0.8984344482421562,0.3005352735519409,False,False
2021-11-06 19:33:30,validacion,59.27951240539551,62.06870641261216,-2.7891940072166506,2.7891940072166506,1226.562463378907,56.97627220153807,3327.31130371094,59.700000762939496,0.1557291686534884,0.0,86.631950378418,87.5434036254883,50.40509071350101,6.194444847106936,0.4041290819644928,0.7066550791263585,-0.9114532470702984,0.3025259971618657,False,False
2021-11-06 19:33:40,validacion,59.87557754516602,61.121104586004094,-1.245527040838077,1.245527040838077,1226.744750976562,57.1325225830078,3331.1867431640662,59.700000762939496,0.1554976880550387,0.0,86.631950378418,87.5434036254883,50.43113327026367,6.212239837646486,0.4039699375629424,0.7078703522682188,-0.9114532470702984,0.3039004147052764,False,False
2021-11-06 19:33:50,validacion,59.33159637451172,60.04581576454656,-0.7142193900348417,0.7142193900348417,1224.752563476564,57.35821647644046,3321.4202392578145,59.700000762939496,0.1554976880550387,0.0,86.631950378418,87.5434036254883,50.425345993042,6.250434303283693,0.4050202786922455,0.707465261220932,-0.9114532470702984,0.3024449825286865,False,False
2021-11-06 19:34:00,validacion,59.62673568725586,60.331509212099036,-0.7047735248431763,0.7047735248431763,1223.424450683593,56.78819274902345,3309.0022705078163,59.700000762939496,0.1552951425313951,0.0,86.631950378418,87.5434036254883,50.44560127258298,6.276910066604617,0.4045746803283689,0.7069444298744202,-0.9114532470702984,0.3023697495460512,False,False
2021-11-06 19:34:10,validacion,60.93171272277831,62.542899679807114,-1.6111869570288064,1.6111869570288064,1224.661425781252,56.35995216369629,3307.225268554689,59.700000762939496,0.155063661932945,0.0,86.64063110351566,87.5434036254883,50.425345993042,6.2942711353302006,0.4035561680793763,0.7079282224178316,-0.9027725219726364,0.3043720543384552,False,False
2021-11-06 19:34:20,validacion,61.87210578918455,62.611454390376785,-0.7393486011922334,0.7393486011922334,1224.361926269534,56.605902099609374,3315.1580322265663,59.700000762939496,0.1551215320825573,0.0,86.66667327880864,87.5434036254883,50.40509071350101,6.319010686874393,0.4039381146430969,0.7074073910713196,-0.8767303466796506,0.3034692764282226,False,False
2021-11-06 19:34:30,validacion,60.18229103088379,60.94149162142687,-0.759200590543081,0.759200590543081,1222.4088012695331,58.00925788879395,3318.892333984376,59.700000762939496,0.1550347268581386,0.0,86.6753540039063,87.60416870117186,50.42823944091798,6.354166984558108,0.4059433132410051,0.7085069239139556,-0.9288146972655512,0.3025636106729505,False,False
2021-11-06 19:34:40,validacion,58.15393371582032,56.47106290390794,1.6828708119123803,1.6828708119123803,1218.307250976563,59.05381851196289,3329.9274902343795,59.700000762939496,0.1547453761100766,0.0,86.6753540039063,87.6302108764648,50.43981399536132,6.388889122009279,0.408616930246353,0.7065972089767458,-0.9548568725584944,0.2979802787303928,False,False
2021-11-06 19:34:50,validacion,56.41203651428221,56.44148257413985,-0.029446059857640705,0.029446059857640705,1218.619763183594,59.02777633666992,3330.594970703128,59.700000762939496,0.1548611164093014,0.0,86.6753540039063,87.6302108764648,50.41666488647464,6.413194751739503,0.4087442457675932,0.7068286895751956,-0.9548568725584944,0.2980844438076024,False,False
2021-11-06 19:35:00,validacion,55.523725128173815,57.330866971121424,-1.8071418429476083,1.8071418429476083,1218.424426269534,58.97279930114748,3328.253247070314,59.700000762939496,0.1549768567085261,0.0,86.6753540039063,87.61284942626949,50.43981399536132,6.444878816604616,0.40947630405426,0.706886559724808,-0.9374954223631846,0.2974102556705479,False,False
2021-11-06 19:35:10,validacion,55.47164230346677,56.470765437869616,-0.9991231344028435,0.9991231344028435,1218.307238769534,59.20138740539552,3318.013964843753,59.700000762939496,0.1549768567085261,0.0,86.6753540039063,87.58680725097655,50.41666488647464,6.483507251739502,0.4095717906951903,0.706481468677521,-0.9114532470702414,0.2969096779823307,False,False
2021-11-06 19:35:20,validacion,57.25694351196289,56.80034010207779,0.45660340988509773,0.45660340988509773,1218.6978637695331,57.19328651428224,3316.1092773437545,59.700000762939496,0.1550347268581386,0.0,86.64931182861332,87.5434036254883,50.43402671813965,6.51041693687439,0.4065798819065093,0.7063078582286834,-0.8940917968749744,0.2997279763221741,False,False
2021-11-06 19:35:30,validacion,60.74073982238768,60.53775292696076,0.2029868954269176,0.2029868954269176,1222.096313476563,56.48148078918458,3315.544628906253,59.700000762939496,0.1547164410352704,0.0,86.631950378418,87.5434036254883,50.43402671813965,6.54383707046509,0.4035243332386019,0.7081018328666684,-0.9114532470702984,0.3045774996280665,False,False
2021-11-06 19:35:40,validacion,63.96990623474121,62.68938849659007,1.28051773815114,1.28051773815114,1223.190039062504,55.78414306640625,3321.2687500000006,59.700000762939496,0.154803246259689,0.0,86.63629074096683,87.5434036254883,50.43402671813965,6.566840553283693,0.4021556973457337,0.708449053764343,-0.9071128845214672,0.3062933564186092,False,False
2021-11-06 19:35:50,validacion,66.05613250732422,63.63009312648517,2.4260393808390504,2.4260393808390504,1225.052014160159,55.94328651428223,3324.1567626953147,59.700000762939496,0.1546875059604642,0.0,86.67101364135748,87.62153015136715,50.416665267944346,6.599826717376709,0.4011371731758117,0.7100694537162783,-0.9505165100096776,0.3089322805404665,False,False
2021-11-06 19:36:00,validacion,66.91550750732424,63.67895239544502,3.2365551118792126,3.2365551118792126,1225.807250976562,56.28182754516602,3324.2141845703145,59.700000762939496,0.154803246259689,0.0,86.6927139282227,87.6302108764648,50.39640998840336,6.612847518920897,0.4018055796623231,0.7104166865348818,-0.9374969482420994,0.3086111068725586,False,False
2021-11-06 19:36:10,validacion,66.0156234741211,63.52057291179615,2.4950505623249484,2.4950505623249484,1225.781213378907,57.38425788879395,3328.508032226563,59.700000762939496,0.1546296343207357,0.0,86.7534736633301,87.63889160156245,50.4079845428467,6.631944799423219,0.4051475942134856,0.7108217895030977,-0.8854179382323508,0.3056741952896121,False,False
2021-11-06 19:36:20,validacion,63.16840133666993,62.32875149690235,0.8396498397675813,0.8396498397675813,1223.059887695312,58.35937423706056,3325.027441406253,59.700000762939496,0.1542245373129845,0.0,86.7621536254883,87.66493377685543,49.74826240539553,6.356337118148803,0.4077257215976713,0.7108796596527103,-0.9027801513671392,0.3031539380550389,False,False
2021-11-06 19:36:30,validacion,61.03877258300781,58.67315442226016,2.365618160747651,2.365618160747651,1220.169238281249,58.84548606872558,3310.666845703128,59.700000762939496,0.1542245373129845,0.0,86.7621536254883,87.6736145019531,49.60647964477542,6.065104436874392,0.4084259569644928,0.7096064746379853,-0.9114608764648012,0.3011805176734925,False,False
2021-11-06 19:36:40,validacion,61.97916603088379,58.67489048555287,3.304275545330917,3.304275545330917,1221.9661010742188,57.05729103088381,3306.0300292968777,59.700000762939496,0.1541087940335275,0.0,86.7621536254883,87.6736145019531,49.5717582702637,6.024305868148803,0.4061661124229431,0.7093171179294588,-0.9114608764648012,0.3031510055065157,False,False
2021-11-06 19:36:50,validacion,64.58043899536133,60.479178880270965,4.101260115090369,4.101260115090369,1223.9322387695331,56.54513778686523,3299.590673828129,59.700000762939496,0.15439815223217,0.0,86.76649398803713,87.6736145019531,49.58043861389165,6.013021087646486,0.4038744568824767,0.7116319715976718,-0.9071205139159702,0.3077575147151951,False,False
2021-11-06 19:37:00,validacion,65.39930572509766,60.432915129465535,4.966390595632127,4.966390595632127,1223.398413085938,55.91435165405274,3314.4186279296896,59.700000762939496,0.154658570885658,0.0,86.79687652587894,87.67795486450193,49.589118957519545,5.9856773853302006,0.4052749067544937,0.7118634521961213,-0.8810783386229843,0.3065885454416276,False,False
2021-11-06 19:37:10,validacion,66.90972137451172,63.55410179040382,3.355619584107899,3.355619584107899,1223.867150878907,55.96932792663574,3324.35729980469,59.700000762939496,0.1545717656612394,0.0,86.8055572509766,87.71267776489258,49.56597137451176,5.95833353996277,0.4031423926353456,0.713599556684494,-0.9071205139159702,0.3104571640491484,False,False
2021-11-06 19:37:20,validacion,67.75173568725587,63.64456002899969,4.107175658256182,4.107175658256182,1225.989526367188,55.97511444091798,3323.903613281253,59.700000762939496,0.1543113425374031,0.0,86.83159942626952,87.7170181274414,49.59201240539553,5.928385686874392,0.4036516547203065,0.7135995566844938,-0.8854187011718864,0.3099479019641873,False,False
2021-11-06 19:37:30,validacion,68.0613410949707,63.76137203545518,4.299969059515519,4.299969059515519,1226.809851074221,56.5682861328125,3318.328247070315,59.700000762939496,0.1539641171693804,0.0,86.8489608764648,87.75174102783204,49.5949058532715,5.906684303283691,0.4047338247299191,0.7151041805744167,-0.9027801513672388,0.3103703558444975,False,False
2021-11-06 19:37:40,validacion,67.53182830810547,63.700690302557696,3.8311380055477784,3.8311380055477784,1227.617126464846,56.339698028564456,3311.215869140628,59.700000762939496,0.1541087940335275,0.0,86.8793434143066,87.7604217529297,49.58043861389163,5.879340457916262,0.4054976999759672,0.7151041805744172,-0.881078338623098,0.3096064805984499,False,False
2021-11-06 19:37:50,validacion,67.17303161621095,62.92111041039146,4.251921205819492,4.251921205819492,1227.63017578125,56.24421234130861,3315.1284912109395,59.700000762939496,0.154166665673256,0.0,86.8923645019531,87.82986755371098,49.5601844787598,5.861979436874392,0.4070891439914703,0.7173611164093014,-0.9375030517578864,0.3102719724178311,False,False
2021-11-06 19:38:00,validacion,64.64120254516601,61.939265427090824,2.701937118075186,2.701937118075186,1225.143212890624,58.0208320617676,3319.853881835939,59.700000762939496,0.1541087940335275,0.0,86.93576812744139,87.85590972900395,49.56597137451176,5.831597518920899,0.4102401822805405,0.7181712985038755,-0.9201416015625624,0.307931116223335,False,False
2021-11-06 19:38:10,validacion,60.99247589111328,58.81916774725837,2.1733081438549107,2.1733081438549107,1220.859326171877,58.900461959838864,3324.162915039063,59.700000762939496,0.1545717641711233,0.0,86.9791717529297,87.8906326293945,49.5833320617676,5.800781393051148,0.413773176074028,0.718171298503876,-0.9114608764648012,0.3043981224298479,False,False
2021-11-06 19:38:20,validacion,57.28877182006837,58.78871423871794,-1.4999424186495673,1.4999424186495673,1219.1405883789062,58.9699073791504,3321.51247558594,59.700000762939496,0.1541087940335275,0.0,87.022575378418,87.92534942626953,49.56597137451176,5.770833587646486,0.4158102065324782,0.7186921298503877,-0.9027740478515368,0.3028819233179094,False,False
2021-11-06 19:38:30,validacion,55.454281616210935,58.84809565588348,-3.3938140396725487,3.3938140396725487,1220.078076171876,57.64756813049316,3310.816772460941,59.700000762939496,0.1544849574565886,0.0,87.022575378418,87.9340286254883,49.5717582702637,5.743055772781373,0.4141232907772066,0.7199652731418614,-0.9114532470702984,0.3058419823646548,False,False
2021-11-06 19:38:40,validacion,57.14698982238772,59.77949935178368,-2.6325095293959606,2.6325095293959606,1221.718725585937,56.9936336517334,3316.221557617191,59.700000762939496,0.1547164410352704,0.0,87.04427719116215,87.97309188842777,49.5717582702637,5.7144100189209,0.4132002592086793,0.7221643388271332,-0.9288146972656222,0.3089640796184538,False,False
2021-11-06 19:38:50,validacion,56.71006813049316,59.182921544080656,-2.4728534135874938,2.4728534135874938,1222.096313476563,57.618632888793954,3316.254296875002,59.700000762939496,0.1549768567085261,0.0,87.07900009155277,88.0121551513672,49.577545166015646,5.682291984558107,0.4143779277801513,0.7228587806224822,-0.9331550598144248,0.3084808528423308,False,False
2021-11-06 19:39:00,validacion,53.53587837219237,59.188719818927204,-5.652841446734833,5.652841446734833,1220.455688476563,58.69212875366211,3324.6169433593777,59.700000762939496,0.1546875059604642,0.0,87.1093826293945,88.07292022705076,49.5833320617676,5.656250286102297,0.4182928532361984,0.7239583134651182,-0.9635375976562556,0.3056654602289197,True,False
2021-11-06 19:39:10,validacion,51.46122589111327,60.70808456073367,-9.246858669620394,9.246858669620394,1218.346301269534,58.53298530578614,3320.110668945314,59.700000762939496,0.1550057917833324,0.0,87.1961822509766,88.1076431274414,49.5833320617676,5.634548902511597,0.4187702834606172,0.7237268328666684,-0.9114608764648012,0.3049565494060511,True,False
2021-11-06 19:39:20,validacion,49.438656616210935,60.811488434322435,-11.3728318181115,11.3728318181115,1219.036425781249,58.87442054748536,3314.8382324218755,59.700000762939496,0.1550347268581389,0.0,87.2178840637207,88.12934494018556,49.57465171813968,5.603732872009277,0.421125602722168,0.7254051148891449,-0.911460876464858,0.3042795121669769,True,False
2021-11-06 19:39:30,validacion,48.1915496826172,59.74144580442031,-11.549896121803108,11.549896121803108,1218.736950683593,58.17708206176759,3314.474243164065,59.700000762939496,0.1549189865589137,0.0,87.2395858764648,88.1510467529297,49.589118957519545,5.58420162200928,0.4208709776401521,0.7258102178573609,-0.9114608764649006,0.3049392402172088,True,False
2021-11-06 19:39:40,validacion,45.85069389343262,58.96171588695864,-13.111021993526023,13.111021993526023,1218.919250488282,59.2708324432373,3316.562646484377,59.700000762939496,0.155092597007751,0.0,87.27430877685543,88.1814292907715,49.5833320617676,5.557725858688357,0.422557893395424,0.7278356730937958,-0.9071205139160696,0.3052777796983718,True,False
2021-11-06 19:39:50,validacion,43.23205947875975,58.07547802951403,-14.84341855075428,14.84341855075428,1217.460888671877,59.88136444091797,3322.26579589844,59.700000762939496,0.1551794022321699,0.0,87.29601058959959,88.2118118286133,49.5949058532715,5.528212022781372,0.4248177409172057,0.727141231298447,-0.9158012390137172,0.3023234903812413,True,True
2021-11-06 19:40:00,validacion,41.33101806640626,58.84698633168987,-17.51596826528361,17.51596826528361,1216.640588378907,59.20138816833499,3330.650268554689,59.700000762939496,0.1558449089527132,0.0,87.3263931274414,88.2812576293945,49.589118957519545,5.506944799423217,0.4241493344306944,0.7282986342906951,-0.9548645019530966,0.3041492998600006,True,True
2021-11-06 19:40:10,validacion,42.45659713745117,60.836166782436415,-18.379569644985246,18.379569644985246,1218.411437988281,57.72569274902344,3327.098754882816,59.700000762939496,0.155960649251938,0.0,87.3263931274414,88.29861602783203,49.59490585327151,5.4800350189209,0.4228125214576719,0.7291088163852691,-0.9722229003906192,0.3062962949275972,True,True
2021-11-06 19:40:20,validacion,41.617475891113294,61.20895633791365,-19.591480446800354,19.591480446800354,1218.320251464847,59.40682754516602,3318.920751953125,59.700000762939496,0.1558449089527132,0.0,87.413200378418,88.3246536254883,49.5833320617676,5.4487850189209,0.4251360237598419,0.7314814925193789,-0.9114532470702984,0.3063454687595369,True,True
2021-11-06 19:40:30,validacion,39.79745292663573,60.129911453240275,-20.332458526604547,20.332458526604547,1218.68485107422,58.53877220153809,3318.5175781250023,59.700000762939496,0.1561342597007751,0.0,87.44358291625981,88.35503616333011,49.76273002624513,5.443576765060425,0.4250087082386016,0.7302662193775178,-0.9114532470702984,0.3052575111389162,True,True
2021-11-06 19:40:40,validacion,40.92013816833498,61.486513175243665,-20.566375006908686,20.566375006908686,1220.2473632812512,57.64467468261718,3318.617309570315,59.700000762939496,0.1561921298503876,0.0,87.4566040039063,88.3680572509766,50.43402671813965,5.923177337646486,0.4238947033882141,0.7309027910232546,-0.9114532470702984,0.3070080876350405,True,True
2021-11-06 19:40:50,validacion,42.93113327026368,62.93232828060443,-20.00119501034075,20.00119501034075,1222.187451171876,57.615739822387695,3330.2330078125024,59.700000762939496,0.15625,0.0,87.46528472900395,88.40712051391598,50.416665267944346,6.00868091583252,0.4227170348167419,0.7311921417713166,-0.9418357849120298,0.3084751069545747,True,True
2021-11-06 19:41:00,validacion,43.03819351196287,62.50646780753625,-19.46827429557338,19.46827429557338,1223.25516357422,57.66782264709475,3333.01481933594,59.700000762939496,0.1559317141771317,0.0,87.5000076293945,88.4114608764648,50.41955909729004,6.035590553283692,0.4230353236198424,0.7310764014720919,-0.9114532470702984,0.3080410778522494,True,True
2021-11-06 19:41:10,validacion,43.5763885498047,60.845831102986956,-17.26944255318226,17.26944255318226,1223.932238769532,57.41029968261718,3320.661010742189,59.700000762939496,0.1558449089527132,0.0,87.5000076293945,88.44618377685545,50.41087799072268,6.046875333786012,0.4224624037742613,0.730034738779068,-0.946176147460946,0.3075723350048067,True,True
2021-11-06 19:41:20,validacion,44.53414306640625,60.43106601054403,-15.896922944137778,15.896922944137778,1224.322875976563,57.36111030578616,3314.4200195312524,59.700000762939496,0.1560763895511628,0.0,87.5000076293945,88.46354522705076,50.41666488647464,6.08984398841858,0.4224305748939515,0.7299189984798432,-0.9635375976562556,0.3074884235858917,True,True
2021-11-06 19:41:30,validacion,44.788772201538094,59.36563267323382,-14.576860471695724,14.576860471695724,1224.414013671876,57.59548568725584,3309.549609375002,59.700000762939496,0.15625,0.0,87.5000076293945,88.46354522705076,50.416665267944346,6.120660018920902,0.4235764145851135,0.7291666865348818,-0.9635375976562556,0.3055902719497683,True,True
2021-11-06 19:41:40,validacion,44.22742996215821,58.71221789562017,-14.48478793346196,14.48478793346196,1223.854101562504,58.22337875366211,3312.521582031253,59.700000762939496,0.1561342597007751,0.0,87.5000076293945,88.42014160156246,50.43402671813965,6.151041889190676,0.4228761792182922,0.7289352059364322,-0.9201339721679602,0.30605902671814,True,True
2021-11-06 19:41:50,validacion,44.10300788879394,56.44648908565996,-12.343481196866023,12.343481196866023,1221.6536132812512,57.42187385559083,3317.351611328128,59.700000762939496,0.1560763895511628,0.0,87.5000076293945,88.4114608764648,50.43402671813965,6.169271087646485,0.4216030329465866,0.7272569715976718,-0.9114532470702984,0.3056539386510851,True,True
2021-11-06 19:42:00,validacion,45.27199020385742,59.308682992408166,-14.036692788550745,14.036692788550745,1220.624951171875,57.21932792663576,3321.133422851564,59.700000762939496,0.1560474544763566,0.0,87.5000076293945,88.4114608764648,50.42245216369631,6.194444799423219,0.4204572051763536,0.7287037253379823,-0.9114532470702984,0.3082465201616287,True,True
2021-11-06 19:42:10,validacion,45.29224433898927,56.95073564802744,-11.658491309038169,11.658491309038169,1221.536437988281,57.56076316833495,3309.830615234377,59.700000762939496,0.156394675374031,0.0,87.5000076293945,88.4114608764648,50.42245216369631,6.215712118148804,0.4219531416893007,0.727430582046509,-0.9114532470702984,0.3054774403572083,True,True
2021-11-06 19:42:20,validacion,45.39351806640626,57.979785789705105,-12.586267723298846,12.586267723298846,1222.343701171875,57.75752220153807,3307.308520507814,59.700000762939496,0.1567997664213178,0.0,87.47396545410159,88.38107833862307,50.41666488647464,6.250000333786013,0.4215393722057344,0.7272569715976718,-0.9071128845214816,0.3057175993919373,True,True
2021-11-06 19:42:30,validacion,44.80324020385744,58.37719328458974,-13.573953080732295,13.573953080732295,1222.057263183594,57.97742958068848,3317.9836669921897,59.700000762939496,0.1569733768701554,0.0,87.4566040039063,88.3680572509766,50.416665267944346,6.277778148651124,0.4218894869089126,0.7267361402511601,-0.9114532470702984,0.3048466533422474,True,True
2021-11-06 19:42:40,validacion,45.01736068725586,57.59875493433918,-12.581394247083324,12.581394247083324,1222.955688476563,58.34490661621095,3323.4018554687523,59.700000762939496,0.1564236104488371,0.0,87.4566040039063,88.3680572509766,50.42245216369631,6.3046877861022965,0.4223987549543381,0.7267361402511601,-0.9114532470702984,0.3043373852968219,True,True
2021-11-06 19:42:50,validacion,42.65046157836912,57.203426664135876,-14.552965085766758,14.552965085766758,1222.643188476563,58.807869338989256,3327.2678955078163,59.700000762939496,0.1561921298503876,0.0,87.4566040039063,88.3680572509766,50.42823944091798,6.333767604827882,0.4234809279441833,0.7261574268341067,-0.9114532470702984,0.3026764988899233,True,True
2021-11-06 19:43:00,validacion,41.17766151428224,57.11824150258468,-15.940579988302439,15.940579988302439,1221.38017578125,59.39814720153809,3329.1838378906277,59.700000762939496,0.1559317141771318,0.0,87.45226364135748,88.3680572509766,50.416665267944346,6.357205200195315,0.4237037301063536,0.7262153089046477,-0.9157936096191291,0.302511578798294,True,True
2021-11-06 19:43:10,validacion,40.85358695983887,57.13078865237668,-16.27720169253781,16.27720169253781,1219.453063964846,58.28124885559082,3329.063598632815,59.700000762939496,0.1561342597007751,0.0,87.41754074096683,88.33333435058596,50.41666488647464,6.392361450195314,0.423226299881935,0.725115740299225,-0.9157936096191291,0.3018894404172899,True,True
2021-11-06 19:43:20,validacion,43.17129516601562,58.619329549674255,-15.448034383658637,15.448034383658637,1221.1067382812512,57.95717468261719,3322.031542968753,59.700000762939496,0.1558449089527132,0.0,87.413200378418,88.3246536254883,50.39640998840336,6.421007204055789,0.4200434386730196,0.726157432794571,-0.9114532470702984,0.3061139941215514,True,True
2021-11-06 19:43:30,validacion,45.74363365173341,60.56727510375897,-14.823641452025562,14.823641452025562,1221.7056640625028,57.08622550964356,3319.611547851565,59.700000762939496,0.1559027791023255,0.0,87.413200378418,88.3246536254883,50.41377143859866,6.448351049423221,0.4190249145030977,0.7250000059604644,-0.9114532470702984,0.3059750914573667,True,True
2021-11-06 19:43:40,validacion,47.94270706176757,60.74246001365385,-12.799752951886276,12.799752951886276,1222.6431640625028,57.19039306640626,3317.35583496094,59.700000762939496,0.155671298503876,0.0,87.40451965332034,88.28993682861326,50.40509071350101,6.46875038146973,0.419756978750229,0.7261574387550352,-0.885417175292929,0.3064004600048062,True,True
2021-11-06 19:43:50,validacion,47.90798454284668,60.70461559173472,-12.796631048888045,12.796631048888045,1222.460913085939,57.54629554748536,3321.1118408203147,59.700000762939496,0.1556134283542634,0.0,87.37847747802736,88.2812576293945,50.42245216369631,6.501736354827882,0.4209346324205401,0.7258102178573609,-0.9027801513671392,0.3048755854368207,True,True
2021-11-06 19:44:00,validacion,48.33912010192872,61.04377225168302,-12.704652149754303,12.704652149754303,1222.539001464846,57.222220993042,3319.863208007816,59.700000762939496,0.1552083373069762,0.0,87.35243530273439,88.2812576293945,50.42245216369631,6.538194704055788,0.4196614891290665,0.7250578761100768,-0.9288223266601108,0.3053963869810103,True,True
2021-11-06 19:44:10,validacion,48.64004554748535,61.50643300890514,-12.86638746141979,12.86638746141979,1222.734350585938,57.601272201538094,3313.433837890628,59.700000762939496,0.1552662074565887,0.0,87.3263931274414,88.2812576293945,50.42823982238769,6.566406488418582,0.4200116097927093,0.7260416984558106,-0.9548645019530966,0.3060300886631012,True,True
2021-11-06 19:44:20,validacion,46.6521984100342,57.36772410125081,-10.715525691216605,10.715525691216605,1221.80986328125,58.41145668029784,3316.238989257815,59.700000762939496,0.1551215320825573,0.0,87.3263931274414,88.2812576293945,50.41666488647464,6.59592046737671,0.4223987460136413,0.7250000000000002,-0.9548645019530966,0.3026012539863588,True,True
2021-11-06 19:44:30,validacion,46.548031616210935,57.5583700205069,-11.010338404295965,11.010338404295965,1222.460888671877,57.66492958068849,3320.125146484377,59.700000762939496,0.1551794022321699,0.0,87.3263931274414,88.2812576293945,50.42823944091798,6.625868368148806,0.4205845206975939,0.7242476642131804,-0.9548645019530966,0.3036631435155865,True,True
2021-11-06 19:44:40,validacion,47.82117919921875,58.90673994451997,-11.085560745301223,11.085560745301223,1222.421826171877,57.79803161621095,3323.0630615234413,59.700000762939496,0.1552083373069762,0.0,87.3263931274414,88.2812576293945,50.41955871582033,6.648437881469727,0.4203617155551912,0.7258680760860443,-0.9548645019530966,0.3055063605308531,True,True
2021-11-06 19:44:50,validacion,46.58275375366211,57.631538111022465,-11.048784357360354,11.048784357360354,1220.1952758789062,58.58217506408691,3320.4000976562543,59.700000762939496,0.1551215320825573,0.0,87.3263931274414,88.2812576293945,50.42823944091798,6.682292032241821,0.4218576669692994,0.7245370268821716,-0.9548645019530966,0.3026793599128722,True,True
2021-11-06 19:45:00,validacion,48.09317016601561,59.55924469042526,-11.466074524409649,11.466074524409649,1221.406201171877,57.83275375366211,3324.5512695312527,59.700000762939496,0.1551215320825573,0.0,87.3263931274414,88.2812576293945,50.45138854980466,6.716146135330201,0.4195660024881363,0.7251157522201538,-0.9548645019530966,0.3055497497320175,True,True
2021-11-06 19:45:10,validacion,47.25983772277831,58.075180331173414,-10.815342608395106,10.815342608395106,1220.5208007812512,58.1423599243164,3328.580151367192,59.700000762939496,0.1550347268581386,0.0,87.3263931274414,88.2812576293945,50.41087760925297,6.750868415832523,0.4208073258399964,0.7249421298503875,-0.9548645019530966,0.3041348040103911,True,True
2021-11-06 19:45:20,validacion,48.79050865173341,61.78660242949499,-12.99609377776158,12.99609377776158,1222.5129882812512,57.144096374511705,3320.8196533203145,59.700000762939496,0.1547743111848828,0.0,87.3263931274414,88.2812576293945,50.42245216369631,6.782986497879028,0.4184519946575165,0.7254629850387574,-0.9548645019530966,0.3070109903812409,True,True
2021-11-06 19:45:30,validacion,51.46411972045898,62.692665415559894,-11.228545695100912,11.228545695100912,1224.140576171877,56.773726272583005,3312.449414062503,59.700000762939496,0.1545138940215109,0.0,87.3263931274414,88.2812576293945,50.42245216369631,6.815104532241821,0.4171470105648039,0.7258680880069732,-0.9548645019530966,0.3087210774421692,True,True
2021-11-06 19:45:40,validacion,53.15972175598144,62.09575809126458,-8.936036335283141,8.936036335283141,1224.374963378908,56.85763854980469,3314.768115234377,59.700000762939496,0.1543402791023254,0.0,87.3263931274414,88.2812576293945,50.43981399536132,6.846788549423219,0.4177199304103851,0.7262153089046477,-0.9548645019530966,0.3084953784942625,True,True
2021-11-06 19:45:50,validacion,54.52546195983889,63.28416252779545,-8.75870056795656,8.75870056795656,1224.752575683595,56.72453651428221,3314.518994140627,59.700000762939496,0.1545428305864332,0.0,87.3263931274414,88.2812576293945,50.416665267944346,6.8736982345581055,0.4168605506420136,0.7264467895030977,-0.9548645019530966,0.309586238861084,True,True
2021-11-06 19:46:00,validacion,55.05208206176759,62.75260229014894,-7.70052022838135,7.70052022838135,1224.335900878907,57.15856323242188,3320.7006103515646,59.700000762939496,0.1547164410352704,0.0,87.39583892822267,88.2812576293945,50.39930343627934,6.8854169845581055,0.4183565080165863,0.726620399951935,-0.8854187011718295,0.3082638919353486,True,True
2021-11-06 19:46:10,validacion,53.59953575134277,61.76211617331614,-8.162580421973367,8.162580421973367,1224.218701171876,57.960068130493184,3326.684472656253,59.700000762939496,0.154513895511627,0.0,87.40451965332034,88.31597442626953,50.42823944091798,6.925347566604616,0.4204890340566637,0.7261574387550354,-0.9114547729491989,0.3056684046983716,True,True
2021-11-06 19:46:20,validacion,49.71932754516602,58.8018588844038,-9.082531339237782,9.082531339237782,1220.98955078125,59.10300865173341,3324.0734863281277,59.700000762939496,0.1538773104548457,0.0,87.413200378418,88.32031402587891,49.60358619689944,6.5073787689209,0.4237673878669737,0.7262153089046478,-0.9071136474609176,0.302447921037674,True,True
2021-11-06 19:46:30,validacion,47.86747512817383,57.2897743155619,-9.42229918738807,9.42229918738807,1219.049450683594,58.162614822387695,3312.5964355468777,59.700000762939496,0.1538194388151172,0.0,87.413200378418,88.31597442626953,49.577545166015646,6.309462118148804,0.4230353266000747,0.7255787312984466,-0.9027740478515368,0.3025434046983719,True,True
2021-11-06 19:46:40,validacion,50.93749885559082,59.97782963119382,-9.040330775603003,9.040330775603003,1222.018188476563,56.95891151428221,3315.049780273441,59.700000762939496,0.1539930507540705,0.0,87.413200378418,88.30295562744139,49.5833320617676,6.282118415832521,0.4193750321865083,0.7272569656372072,-0.8897552490233949,0.3078819334506989,True,True
2021-11-06 19:46:50,validacion,50.88830947875976,59.58658395367803,-8.698274474918271,8.698274474918271,1223.124963378907,57.80381813049316,3321.2141113281277,59.700000762939496,0.1536747634410862,0.0,87.413200378418,88.31163482666015,49.59201240539553,6.249566316604616,0.4212210893630983,0.7291666865348819,-0.8984344482421562,0.3079455971717836,True,True
2021-11-06 19:47:00,validacion,49.476272201538094,59.427307708519066,-9.951035506980972,9.951035506980972,1222.356738281249,58.63136482238768,3325.467993164063,59.700000762939496,0.153935179114342,0.0,87.413200378418,88.3246536254883,49.60069274902347,6.226562786102294,0.423990187048912,0.730439829826355,-0.9114532470702984,0.3064496427774429,True,True
2021-11-06 19:47:10,validacion,46.35127258300781,59.34820398432684,-12.996931401319024,12.996931401319024,1219.960888671876,58.9207164764404,3319.727343750003,59.700000762939496,0.1539641156792643,0.0,87.43924255371098,88.3680572509766,49.59779930114748,6.20616340637207,0.427204877138138,0.7310185313224794,-0.9288146972656222,0.3038136541843414,True,True
2021-11-06 19:47:20,validacion,45.08101806640626,62.521073457592465,-17.440055391186206,17.440055391186206,1219.179650878908,58.11631851196288,3315.2438964843777,59.700000762939496,0.1545717656612394,0.0,87.46528472900395,88.3680572509766,49.5833320617676,6.16840310096741,0.4264728277921675,0.7321180641651154,-0.9027725219726506,0.3056452363729478,True,True
2021-11-06 19:47:30,validacion,46.7071746826172,63.13111712067086,-16.423942438053658,16.423942438053658,1221.484326171877,57.100693130493184,3315.317041015627,59.700000762939496,0.154282408952713,0.0,87.5000076293945,88.40712051391598,49.577545166015646,6.14453158378601,0.4249450564384461,0.7333333373069763,-0.9071128845214816,0.3083882808685301,True,True
2021-11-06 19:47:40,validacion,48.65451354980469,63.44131561805967,-14.786802068254978,14.786802068254978,1222.890588378907,56.40624961853028,3318.9104736328145,59.700000762939496,0.1543981507420539,0.0,87.53472442626953,88.44618377685545,49.5717582702637,6.11588568687439,0.4241493344306946,0.7357060134410859,-0.9114593505859148,0.3115566790103913,True,True
2021-11-06 19:47:50,validacion,49.80323905944825,63.793507676099615,-13.990268616651363,13.990268616651363,1223.437451171877,56.95601692199708,3322.765917968752,59.700000762939496,0.1537615686655047,0.0,87.58680725097655,88.51128921508788,49.589118957519545,6.0950523853302,0.4259953975677489,0.7377314686775208,-0.9244819641113368,0.3117360711097718,True,True
2021-11-06 19:48:00,validacion,48.77893486022949,63.49241097297879,-14.713476112749298,14.713476112749298,1223.671826171877,57.13252143859866,3327.953955078128,59.700000762939496,0.154050922393799,0.0,87.64757232666012,88.55903320312503,49.583332061767614,6.068142604827882,0.4284462034702302,0.7379050791263585,-0.9114608764649006,0.3094588756561283,True,True
2021-11-06 19:48:10,validacion,48.22337913513184,64.0675124922396,-15.844133357107758,15.844133357107758,1223.37235107422,56.03877182006836,3316.190893554689,59.700000762939496,0.1542245373129845,0.0,87.68229522705076,88.58941574096683,49.58911895751956,6.051649665832522,0.4266956269741058,0.7388310015201569,-0.9071205139160696,0.312135374546051,True,True
2021-11-06 19:48:20,validacion,49.27661972045899,63.77622867842602,-14.499608957967034,14.499608957967034,1221.41922607422,55.20833206176756,3313.523193359376,59.700000762939496,0.154658570885658,0.0,87.72135848999024,88.6284790039063,49.59201240539553,6.023003768920898,0.425517976284027,0.7420717895030976,-0.9071205139160696,0.3165538132190706,True,True
2021-11-06 19:48:30,validacion,51.047452545166,63.583180735362895,-12.535728190196892,12.535728190196892,1220.9504760742188,56.16029968261719,3311.457690429689,59.700000762939496,0.1547453761100766,0.0,87.77778320312503,88.7152786254883,49.577545166015646,5.993489742279052,0.4287963211536409,0.7427662312984467,-0.93749542236327,0.3139699101448057,True,True
2021-11-06 19:48:40,validacion,48.7442123413086,60.35731089467883,-11.613098553370236,11.613098553370236,1221.4973510742188,57.355323791503885,3315.098828125002,59.700000762939496,0.1544270873069762,0.0,87.86025009155277,88.76736297607424,49.589118957519545,5.97309060096741,0.4323611348867414,0.743634283542633,-0.9071128845214672,0.3112731486558915,True,True
2021-11-06 19:48:50,validacion,45.48900413513184,59.00628913853509,-13.517285003403245,13.517285003403245,1222.291625976563,57.3987258911133,3322.5277587890646,59.700000762939496,0.15494792163372,0.0,87.90365142822264,88.8020858764648,49.5601844787598,5.941406440734864,0.4338252544403075,0.7439815044403074,-0.8984344482421562,0.3101562499999999,True,True
2021-11-06 19:49:00,validacion,43.34490699768066,61.74411495014792,-18.399207952467258,18.399207952467258,1222.2525634765611,57.09490623474122,3320.394653320314,59.700000762939496,0.1548900514841076,0.0,87.9340286254883,88.84114913940427,49.5717582702637,5.911458683013917,0.434111714363098,0.7451389074325563,-0.9071205139159702,0.3110271930694583,True,True
2021-11-06 19:49:10,validacion,42.80381889343261,60.12454824022032,-17.320729346787708,17.320729346787708,1223.6067382812512,57.15277671813966,3312.438598632815,59.700000762939496,0.1551794022321699,0.0,87.96875152587894,88.89757385253907,49.5717582702637,5.887587165832522,0.4347482919692992,0.746527791023254,-0.928822326660125,0.3117794990539547,True,True
2021-11-06 19:49:20,validacion,41.909721374511705,58.44000286777104,-16.530281493259338,16.530281493259338,1223.736938476562,57.05150337219239,3312.233496093753,59.700000762939496,0.1551504671573635,0.0,88.0121551513672,88.94097747802736,49.577545166015646,5.856771135330203,0.4350984096527098,0.7479166746139526,-0.9288223266601676,0.3128182649612427,True,True
2021-11-06 19:49:30,validacion,40.63078651428222,58.543392005316434,-17.912605491034213,17.912605491034213,1222.617150878908,57.05439682006837,3321.453808593753,59.700000762939496,0.155092597007751,0.0,88.0642395019531,88.975700378418,49.5601844787598,5.835937690734864,0.4374219000339508,0.7481481552124024,-0.9114608764649006,0.3107262551784516,True,True
2021-11-06 19:49:40,validacion,38.54166603088379,60.0205087311991,-21.47884270031531,21.47884270031531,1222.031188964846,57.311920166015625,3322.826538085939,59.700000762939496,0.1551504671573635,0.0,88.10330276489258,89.01476364135748,49.5833320617676,5.812500190734864,0.4384085863828657,0.7492476880550385,-0.9114608764649006,0.3108391016721727,True,True
2021-11-06 19:49:50,validacion,36.82580909729004,61.01253479552952,-24.186725698239478,24.186725698239478,1221.8879760742188,57.21643486022949,3326.4428466796912,59.700000762939496,0.1552951425313951,0.0,88.13368530273439,89.03212509155277,49.5717582702637,5.783420372009279,0.4392679631710053,0.7501157402992249,-0.8984397888183793,0.3108477771282195,True,True
2021-11-06 19:50:00,validacion,35.93749885559081,59.46763427794189,-23.53013542235108,23.53013542235108,1221.927038574218,57.167243957519545,3319.566479492189,59.700000762939496,0.1553240776062014,0.0,88.1510467529297,89.0625076293945,49.56597137451176,5.753038358688356,0.4410185515880583,0.7506944417953489,-0.9114608764648012,0.3096758902072906,True,True
2021-11-06 19:50:10,validacion,35.4311336517334,61.879691964329794,-26.448558312596397,26.448558312596397,1221.1848632812512,56.542244338989256,3309.706884765628,59.700000762939496,0.1555555582046512,0.0,88.194450378418,89.1406272888184,49.5833320617676,5.720486402511596,0.4392043054103851,0.7519097149372103,-0.9461769104003964,0.3127054095268251,True,True
2021-11-06 19:50:20,validacion,36.267360687255845,59.661126090838515,-23.39376540358267,23.39376540358267,1221.9270385742188,57.187498855590846,3302.796240234378,59.700000762939496,0.1556134283542636,0.0,88.22917327880859,89.1493072509766,49.5833320617676,5.698351001739503,0.4415914565324782,0.7531249880790711,-0.9201339721680172,0.3115335315465929,True,True
2021-11-06 19:50:30,validacion,34.51388854980468,59.852222322647265,-25.33833377284258,25.33833377284258,1220.729150390625,57.23379478454591,3313.876000976564,59.700000762939496,0.1557870388031008,0.0,88.2812576293945,89.18403015136717,49.5833320617676,5.669705152511599,0.4425781488418579,0.7527777671813964,-0.9027725219726648,0.3101996183395385,True,True
2021-11-06 19:50:40,validacion,32.87615699768067,62.14932856468544,-29.273171567004773,29.273171567004773,1218.736962890625,56.88946647644043,3317.040917968753,59.700000762939496,0.1559027791023255,0.0,88.30729522705079,89.20139160156245,49.5717582702637,5.643663406372071,0.4417506098747254,0.7542823910713194,-0.8940963745116619,0.312531781196594,True,True
2021-11-06 19:50:50,validacion,32.36400432586669,62.66122043997605,-30.29721611410936,30.29721611410936,1218.91922607422,56.68402671813965,3324.2248779296883,59.700000762939496,0.1560763895511628,0.0,88.3246536254883,89.2361145019531,49.589118957519545,5.611545324325562,0.4422598659992218,0.7559027731418613,-0.9114608764648012,0.3136429071426395,True,True
2021-11-06 19:51:00,validacion,33.50115699768066,62.60345423101704,-29.10229723333638,29.10229723333638,1220.40358886719,56.77951278686523,3322.954296875002,59.700000762939496,0.1561921298503876,0.0,88.3680572509766,89.26649703979491,49.57175827026372,5.5933162689209,0.4445196986198426,0.7570023357868193,-0.8984397888183082,0.3124826371669766,True,True
2021-11-06 19:51:10,validacion,32.23379611968994,58.46970682166735,-26.23591070197741,26.23591070197741,1221.0676757812512,57.51736030578614,3313.943212890628,59.700000762939496,0.1563078701496124,0.0,88.39409942626952,89.28819885253907,49.57465171813968,5.564670324325563,0.4468432009220124,0.7567129969596864,-0.8940994262695483,0.309869796037674,True,True
2021-11-06 19:51:20,validacion,29.629629135131808,58.64149973432531,-29.0118705991935,29.0118705991935,1220.221313476563,57.71701316833496,3312.665722656252,59.700000762939496,0.156394675374031,0.0,88.42014160156246,89.366325378418,49.56018409729008,5.531250286102297,0.4481481760740279,0.7570602178573609,-0.946183776855534,0.308912041783333,True,True
2021-11-06 19:51:30,validacion,26.302082824707043,58.74670445685936,-32.44462163215232,32.44462163215232,1220.325463867188,58.65451278686525,3314.20456542969,59.700000762939496,0.156539350748062,0.0,88.47222595214842,89.37500610351566,49.84085502624513,5.532552337646485,0.4494849741458893,0.757349568605423,-0.9027801513672388,0.3078645944595337,True,True
2021-11-06 19:51:40,validacion,22.70543937683106,58.313332400649976,-35.60789302381892,35.60789302381892,1218.515612792968,58.940971374511705,3315.25671386719,59.700000762939496,0.1565972208976744,0.0,88.4982681274414,89.4097290039063,50.425345993042,5.997396087646486,0.4503443539142608,0.7568287372589112,-0.9114608764649006,0.3064843833446503,True,True
2021-11-06 19:51:50,validacion,22.586804962158208,61.34568800731863,-38.75888304516042,38.75888304516042,1217.604113769534,59.33738288879395,3323.378271484378,59.700000762939496,0.1570601835846901,0.0,88.4982681274414,89.4097290039063,50.42823944091798,6.077257251739503,0.4317563891410829,0.7569444775581361,-0.9114608764649006,0.3251880884170531,True,True
2021-11-06 19:52:00,validacion,24.99131908416748,60.56606644157011,-35.57474735740263,35.57474735740263,1216.289001464847,60.150461959838864,3315.211035156253,59.700000762939496,0.1592013925313949,0.0,88.4982681274414,89.4097290039063,50.77256813049317,6.229601001739503,0.4156510651111602,0.753587967157364,-0.9114608764649006,0.3379369020462038,True,True
2021-11-06 19:52:10,validacion,26.22685108184816,60.4775911881803,-34.25074010633214,34.25074010633214,1215.429650878907,59.32580909729005,3317.510937500002,59.700000762939496,0.1606481462717054,0.0,88.48958740234374,89.4097290039063,51.49884223937986,6.794271135330201,0.4124681949615477,0.7454861283302306,-0.9201416015625624,0.3330179333686829,True,True
2021-11-06 19:52:20,validacion,26.701388740539564,59.65743440374344,-32.956045663203874,32.956045663203874,1216.601513671876,59.3894660949707,3320.012036132813,59.700000762939496,0.1616319432854649,0.0,88.38541870117187,89.3533042907715,52.0833320617676,7.447483015060426,0.4116088181734085,0.7388310194015504,-0.967885589599632,0.3272222012281419,True,True
2021-11-06 19:52:30,validacion,28.42592544555665,59.26973341315523,-30.84380796759858,30.84380796759858,1216.835900878907,58.761573028564456,3324.886865234377,59.700000762939496,0.1627604216337204,0.0,88.26823425292969,89.22743377685545,52.09779930114745,7.62283024787903,0.4067390263080596,0.73246528506279,-0.9591995239257614,0.3257262587547304,True,True
2021-11-06 19:52:40,validacion,31.027198791503917,59.15954366658697,-28.132344875083053,28.132344875083053,1216.61455078125,59.08564682006836,3331.0406005859395,59.700000762939496,0.1634259283542636,0.0,88.1076431274414,89.07118606567384,52.09490585327149,7.769531679153443,0.405020275712013,0.7282986342906954,-0.963542938232436,0.3232783585786823,True,True
2021-11-06 19:52:50,validacion,30.19965248107909,55.26627173653362,-25.066619255454526,25.066619255454526,1216.249963378907,59.04513816833495,3334.621240234377,59.700000762939496,0.1639756947755814,0.0,87.92535095214845,88.90625457763672,52.08622550964357,7.901910161972047,0.4038744449615478,0.7223958194255828,-0.980903625488267,0.318521374464035,True,True
2021-11-06 19:53:00,validacion,30.8622678756714,55.39415425480584,-24.53188637913444,24.53188637913444,1218.476525878908,58.660300064086925,3324.8595703125006,59.700000762939496,0.1648437470197675,0.0,87.75608139038087,88.71094055175784,52.32638816833497,8.075955295562746,0.4014872908592225,0.7185763895511629,-0.954859161376973,0.3170890986919403,True,True
2021-11-06 19:53:10,validacion,30.951967430114745,55.3461336943566,-24.394166264241857,24.394166264241857,1219.38798828125,58.49247550964356,3313.57946777344,59.700000762939496,0.1651620328426363,0.0,87.58680877685545,88.54601211547853,52.9456016540527,8.618924045562746,0.4003096222877502,0.7129051148891448,-0.9592033386230838,0.3125954926013945,True,True
2021-11-06 19:53:20,validacion,31.99363346099853,55.49435267685873,-23.5007192158602,23.5007192158602,1219.7655883789062,58.347800064086925,3311.1381103515646,59.700000762939496,0.1655671253800395,0.0,87.40886001586917,88.35069656372072,52.939813995361305,8.765625381469729,0.3985590547323228,0.7092592477798464,-0.9418365478515512,0.3107001930475236,True,True
2021-11-06 19:53:30,validacion,31.941550254821767,56.35728343532091,-24.415733180499142,24.415733180499142,1219.713500976563,57.67071647644043,3313.788037109378,59.700000762939496,0.1662326425313948,0.0,87.23958587646483,88.18142929077149,52.9456016540527,8.879340744018558,0.3979224860668182,0.7046874940395356,-0.9418434143066604,0.3067650079727174,True,True
2021-11-06 19:53:40,validacion,32.071758079528806,56.35049249323251,-24.278734413703702,24.278734413703702,1219.8957885742188,57.80092506408691,3319.615087890628,59.700000762939496,0.1666956067085265,0.0,87.06597900390628,88.00347442626955,52.9456016540527,8.984809398651125,0.3959809243679046,0.7026041686534882,-0.93749542236327,0.3066232442855836,True,True
2021-11-06 19:53:50,validacion,29.92476787567138,56.22539140570935,-26.30062353003797,26.30062353003797,1219.479138183593,58.50115661621093,3319.8151855468777,59.700000762939496,0.1671006977558139,0.0,86.93142776489256,87.8385482788086,52.9456016540527,9.072917175292972,0.3975723683834077,0.6996527910232546,-0.9071205139160412,0.3020804226398468,True,True
2021-11-06 19:54:00,validacion,30.54398078918457,56.082986020070024,-25.539005230885454,25.539005230885454,1219.97391357422,57.8790496826172,3318.158837890626,59.700000762939496,0.1668692171573641,0.0,86.77951583862307,87.69531631469725,52.9513893127441,9.14670162200928,0.3948987424373625,0.6951389193534852,-0.9158004760741818,0.3002401769161226,True,True
2021-11-06 19:54:10,validacion,31.53935108184814,56.28428885016439,-24.744937768316248,24.744937768316248,1220.494750976564,57.79513816833497,3316.391503906253,59.700000762939496,0.1672453731298448,0.0,86.631950378418,87.55208740234373,52.9513893127441,9.194878959655762,0.3937210887670516,0.6934606432914733,-0.9201370239257328,0.2997395545244217,True,True
2021-11-06 19:54:20,validacion,30.6973373413086,56.23471174075143,-25.53737439944283,25.53737439944283,1219.4530883789062,58.333332443237296,3315.9337646484382,59.700000762939496,0.1673611134290697,0.0,86.52778167724608,87.43924255371097,52.9513893127441,9.253906822204591,0.3940393775701523,0.6917823910713196,-0.9114608764648864,0.2977430135011673,True,True
2021-11-06 19:54:30,validacion,30.90567073822022,56.23983611802327,-25.33416537980305,25.33416537980305,1220.67703857422,57.88194313049318,3323.912719726566,59.700000762939496,0.1677083343267442,0.0,86.39757080078127,87.29601058959959,52.95428276062008,9.305990028381348,0.3926070928573607,0.6888888835906983,-0.8984397888183224,0.2962817907333376,True,True
2021-11-06 19:54:40,validacion,31.715856170654305,56.186874875071204,-24.4710187044169,24.4710187044169,1221.14578857422,58.182869338989256,3326.67810058594,59.700000762939496,0.1674768537282946,0.0,86.29340972900391,87.19184341430665,52.9484954833984,9.346788692474366,0.3918431997299194,0.6878472208976746,-0.8984336853027344,0.2960040211677552,True,True
2021-11-06 19:54:50,validacion,31.03009204864502,56.20725457821397,-25.17716252956895,25.17716252956895,1220.598913574221,58.29861030578613,3324.981567382816,59.700000762939496,0.1674189835786821,0.0,86.18924102783204,87.08334045410159,52.688077545166,9.375868606567384,0.3916522264480589,0.6854166746139524,-0.8940994262695483,0.2937644481658934,True,True
2021-11-06 19:55:00,validacion,31.81423568725586,56.33931676322329,-24.525081075967428,24.525081075967428,1220.703063964847,57.2598373413086,3317.7644042968773,59.700000762939496,0.1674479186534884,0.0,86.09375305175782,87.00087356567386,52.09490585327149,9.30425386428833,0.3893923819065093,0.6827546477317812,-0.9071205139160412,0.2933622658252718,True,True
2021-11-06 19:55:10,validacion,33.89467468261718,56.55564628175762,-22.66097159914044,22.66097159914044,1221.5234008789062,56.7216423034668,3312.505664062502,59.700000762939496,0.1677083343267442,0.0,85.99392471313479,86.89670486450193,52.0833320617676,9.316406726837158,0.3868460953235626,0.6828703880310061,-0.9027801513671392,0.2960242927074434,True,True
2021-11-06 19:55:20,validacion,35.38773078918457,56.56171963452491,-21.17398884534034,21.17398884534034,1222.16141357422,57.10648040771484,3315.189282226564,59.700000762939496,0.1673611134290697,0.0,85.93316726684569,86.8272590637207,52.0833320617676,9.35807332992554,0.3868779242038728,0.6800926208496094,-0.894091796875017,0.2932146966457366,True,True
2021-11-06 19:55:30,validacion,35.29803199768064,56.34058159899891,-21.04254960131827,21.04254960131827,1222.890563964847,58.1452537536621,3319.964819335941,59.700000762939496,0.167534723877907,0.0,85.850700378418,86.77517471313479,52.0833320617676,9.385851097106936,0.3876418173313141,0.678530091047287,-0.9244743347167912,0.2908882737159729,True,True
2021-11-06 19:55:40,validacion,34.1869213104248,56.352388650174824,-22.165467339750023,22.165467339750023,1222.578088378908,57.47395706176757,3320.828076171878,59.700000762939496,0.1677083343267442,0.0,85.76823348999024,86.65799255371098,51.44097175598142,9.336805915832525,0.3866232931613923,0.6769675731658934,-0.8897590637207458,0.2903442800045011,True,True
2021-11-06 19:55:50,validacion,35.034722518920894,56.59547886664712,-21.560756347726226,21.560756347726226,1222.421838378907,57.01678161621095,3319.1398193359382,59.700000762939496,0.1676504641771317,0.0,85.7074684143066,86.6015678405762,51.244213104248,9.315538597106933,0.3846180737018584,0.6757523000240324,-0.8940994262695909,0.2911342263221739,True,True
2021-11-06 19:56:00,validacion,36.37731399536132,56.64688350665356,-20.26956951129224,20.26956951129224,1222.812475585938,57.26273078918458,3305.632373046877,59.700000762939496,0.1671585679054261,0.0,85.63368225097655,86.54080276489258,51.244213104248,9.328559207916264,0.3842042982578278,0.674189805984497,-0.907120513916027,0.2899855077266691,True,True
2021-11-06 19:56:10,validacion,36.287615585327146,56.40209647654296,-20.114480891215813,20.114480891215813,1222.799462890624,57.71990623474122,3305.9372558593773,59.700000762939496,0.1670717626810078,0.0,85.56424102783203,86.4583358764648,50.48900299072268,9.25477466583252,0.3849045336246491,0.6724537014961243,-0.8940948486327756,0.2875491678714751,True,True
2021-11-06 19:56:20,validacion,35.30381927490234,56.41896485150367,-21.11514557660133,21.11514557660133,1222.395800781252,57.329281616210935,3315.421142578128,59.700000762939496,0.1668692171573641,0.0,85.51650009155277,86.40625152587894,50.39930381774904,9.212239837646486,0.3837268650531771,0.6708333373069764,-0.8897514343261719,0.2871064722537992,True,True
2021-11-06 19:56:30,validacion,36.60011520385744,56.817140436179734,-20.217025232322293,20.217025232322293,1222.734350585937,56.8373836517334,3318.7536621093773,59.700000762939496,0.1665798664093014,0.0,85.46441574096683,86.35417022705079,50.17939682006837,9.207465648651125,0.3816580176353452,0.6703125059604643,-0.8897544860839588,0.2886544883251191,True,True
2021-11-06 19:56:40,validacion,38.043980789184594,57.251289011983005,-19.20730822279841,19.20730822279841,1222.656213378907,56.60879554748534,3321.680957031252,59.700000762939496,0.1664641261100766,0.0,85.38194885253907,86.30209045410155,49.58911895751956,9.036892700195317,0.3814033865928648,0.6701388955116272,-0.9201416015624772,0.2887355089187624,True,True
2021-11-06 19:56:50,validacion,38.44039192199706,56.81614063359656,-18.3757487115995,18.3757487115995,1222.187475585937,56.92997550964356,3323.879956054689,59.700000762939496,0.1666377365589138,0.0,85.33854522705076,86.23264465332034,49.60069274902347,9.007812881469729,0.3811487555503844,0.6690972328186036,-0.8940994262695767,0.2879484772682191,True,True
2021-11-06 19:57:00,validacion,38.1973373413086,56.81658161040344,-18.619244269094843,18.619244269094843,1222.343713378908,57.589698028564456,3323.144335937503,59.700000762939496,0.1664930611848828,0.0,85.30816268920896,86.1979217529297,49.4270820617676,8.984809494018556,0.3806394934654237,0.6682870507240295,-0.8897590637207458,0.2876475572586058,True,True
2021-11-06 19:57:10,validacion,38.03530006408693,57.42687545700538,-19.391575392918448,19.391575392918448,1223.033825683594,56.97916603088379,3317.236059570314,59.700000762939496,0.166377320885658,0.0,85.28212051391598,86.16753921508788,48.75000000000004,8.68706636428833,0.380894124507904,0.667129647731781,-0.8854187011719006,0.2862355232238769,True,True
2021-11-06 19:57:20,validacion,39.06539306640625,58.0844551134406,-19.019062047034346,19.019062047034346,1221.4843261718738,55.92881851196288,3311.964770507816,59.700000762939496,0.1664351910352703,0.0,85.2430572509766,86.12847595214842,48.4635406494141,8.552517795562746,0.3790162235498429,0.6657986342906951,-0.8854187011718153,0.2867824107408522,True,True
2021-11-06 19:57:30,validacion,38.28992996215819,57.056277681838125,-18.766347719679935,18.766347719679935,1221.406213378908,57.23668899536133,3319.793164062502,59.700000762939496,0.1656828686594965,0.0,85.1562576293945,86.10243377685545,47.9166641235352,8.086371898651123,0.3797164559364318,0.6663773357868196,-0.946176147460946,0.2866608798503878,True,True
2021-11-06 19:57:40,validacion,37.6215274810791,56.58801551460844,-18.966488033529345,18.966488033529345,1222.5911010742188,56.851850891113294,3318.923779296878,59.700000762939496,0.1663194507360456,0.0,85.15191726684569,86.0243072509766,47.9166641235352,7.938802385330201,0.3796527981758117,0.6648148417472838,-0.8723899841309191,0.285162043571472,True,True
2021-11-06 19:57:50,validacion,38.648726272583005,56.57448667416991,-17.925760401586906,17.925760401586906,1223.919213867189,57.24826240539552,3316.364721679692,59.700000762939496,0.1667824119329452,0.0,85.1128540039063,86.01996688842777,47.9166641235352,7.805121898651125,0.3798437714576721,0.6635416984558103,-0.9071128845214672,0.2836979269981382,True,True
2021-11-06 19:58:00,validacion,38.72395744323731,56.50408966562928,-17.78013222239197,17.78013222239197,1223.3202758789062,57.17303123474121,3314.735546875002,59.700000762939496,0.166984957456589,0.0,85.08681182861332,85.9809036254883,47.9195579528809,7.667101001739502,0.3785706162452698,0.6625578463077547,-0.8940917968749744,0.2839872300624849,True,True
2021-11-06 19:58:10,validacion,39.01330947875976,56.64817715407646,-17.6348676753167,17.6348676753167,1223.541638183593,57.05439720153809,3309.614379882815,59.700000762939496,0.1664062559604641,0.0,85.0390678405762,85.95486602783203,47.9166641235352,7.5338544845581055,0.378284165263176,0.6618055343627932,-0.915798187255831,0.2835213690996172,True,True
2021-11-06 19:58:20,validacion,38.50983734130859,56.24864694232571,-17.738809601017124,17.738809601017124,1222.994750976564,57.49710540771484,3314.877929687501,59.700000762939496,0.1660590320825576,0.0,85.0260467529297,85.9158058166504,47.06307792663575,6.9644100189209,0.3788252472877504,0.6612268328666688,-0.8897590637207031,0.2824015855789184,True,True
2021-11-06 19:58:30,validacion,39.0567123413086,56.541474804813646,-17.48476246350505,17.48476246350505,1222.213464355473,56.5277759552002,3319.4815429687524,59.700000762939496,0.165509253740311,0.0,84.9392395019531,85.8941040039063,47.05729103088381,6.575955200195312,0.3774884551763535,0.6599536895751953,-0.9548645019532104,0.2824652343988418,True,True
2021-11-06 19:58:40,validacion,39.75983772277831,57.14565234949865,-17.38581462672034,17.38581462672034,1222.9166137695331,57.18460540771484,3327.101196289065,59.700000762939496,0.1654513835906986,0.0,84.9262184143066,85.82465820312503,47.0775451660156,6.382812833786012,0.3773929744958878,0.6607638716697696,-0.8984397888184219,0.2833708971738817,True,True
2021-11-06 19:58:50,validacion,40.10705947875976,56.94717973178088,-16.84012025302112,16.84012025302112,1223.229125976562,57.528934478759766,3318.814233398439,59.700000762939496,0.1653356432914738,0.0,84.8958358764648,85.79861602783204,47.0775451660156,6.192708539962769,0.3779022246599198,0.659490728378296,-0.9027801513672388,0.2815885037183762,True,True
2021-11-06 19:59:00,validacion,38.78472175598143,56.3839280996874,-17.599206343705973,17.599206343705973,1222.148400878907,57.10358657836915,3312.633349609376,59.700000762939496,0.1651620328426364,0.0,84.86111297607424,85.7638931274414,47.0775451660156,6.006944704055787,0.3787615895271303,0.6580439746379854,-0.9027801513671676,0.279282385110855,True,True
2021-11-06 19:59:10,validacion,38.15682792663574,56.78848797605072,-18.631660049414975,18.631660049414975,1222.617138671876,56.88078575134277,3310.4068115234413,59.700000762939496,0.1653356432914738,0.0,84.8524322509766,85.74219131469725,47.0775451660156,5.8177086353302006,0.3774247974157333,0.658275455236435,-0.8897590637206463,0.2808506578207017,True,True
2021-11-06 19:59:20,validacion,38.75867958068848,57.333258929274905,-18.574579348586425,18.574579348586425,1222.252563476563,56.60879592895508,3309.151416015627,59.700000762939496,0.1651620328426361,0.0,84.8090286254883,85.7204895019531,47.0775451660156,5.615451669692994,0.3761516511440277,0.6569444417953492,-0.9114608764648012,0.2807927906513214,True,True
2021-11-06 19:59:30,validacion,39.99421119689943,57.56300303502365,-17.56879183812422,17.56879183812422,1221.992138671877,56.81134223937986,3324.5444580078133,59.700000762939496,0.1650173574686049,0.0,84.8090286254883,85.68576660156245,47.41029930114747,5.534722471237184,0.3761516511440277,0.6572337925434115,-0.8767379760741534,0.2810821413993838,True,True
2021-11-06 19:59:40,validacion,40.1765033721924,56.92525692296938,-16.748753550776982,16.748753550776982,1222.291638183594,56.837383270263686,3328.9762451171896,59.700000762939496,0.1648726820945736,0.0,84.7482688903809,85.6770858764648,47.9166641235352,5.821614837646486,0.3763426244258882,0.6564814805984496,-0.928816986083902,0.2801388561725614,True,True
2021-11-06 19:59:50,validacion,39.97685089111328,58.228467727420664,-18.251616836307385,18.251616836307385,1221.6926635742188,56.7592586517334,3328.085571289064,59.700000762939496,0.1648437470197674,0.0,84.7222290039063,85.6423629760742,47.9166641235352,5.690538454055786,0.3753877580165863,0.6563078701496123,-0.9201339721678892,0.280920112133026,True,True
2021-11-06 20:00:00,validacion,41.157406616210935,60.36018245918834,-19.202775842977402,19.202775842977402,1224.0103515625028,56.64062423706055,3323.9073242187524,59.700000762939496,0.1645254611968992,0.0,84.70052719116215,85.5902786254883,47.9166641235352,5.55164957046509,0.3740191161632537,0.6563078701496123,-0.8897514343261435,0.2822887539863586,True,True
2021-11-06 20:00:10,validacion,41.46701316833496,57.84958914315985,-16.38257597482489,16.38257597482489,1223.958288574218,57.1585636138916,3319.323144531251,59.700000762939496,0.1649594873189924,0.0,84.678825378418,85.5902786254883,47.9166641235352,5.414496755599977,0.3755469024181367,0.6552083373069761,-0.9114532470702984,0.2796614348888394,True,True
2021-11-06 20:00:20,validacion,41.78240737915038,57.97710468952362,-16.194697310373243,16.194697310373243,1223.398388671877,57.543401718139634,3314.751049804689,59.700000762939496,0.1646701365709302,0.0,84.678825378418,85.5468826293945,48.712384033203165,5.680121850967407,0.3748466670513153,0.654513895511627,-0.8680572509765057,0.2796672284603116,True,True
2021-11-06 20:00:30,validacion,41.13425827026367,56.94183696475076,-15.807578694487091,15.807578694487091,1222.955700683595,57.294559478759766,3318.434643554689,59.700000762939496,0.1642361104488371,0.0,84.63976211547853,85.5468826293945,48.755786895752,5.764757108688357,0.3752604424953462,0.6541088044643402,-0.9071205139159702,0.278848361968994,True,True
2021-11-06 20:00:40,validacion,40.53530044555664,57.493867168296894,-16.95856672274025,16.95856672274025,1223.932238769531,57.268517684936526,3328.922387695316,59.700000762939496,0.1638599544763566,0.0,84.6354217529297,85.54254226684569,48.755786895752,5.673177337646485,0.3750376403331757,0.6537615835666658,-0.9071205139159844,0.27872394323349,True,True
2021-11-06 20:00:50,validacion,40.00578651428222,56.66592744531159,-16.660140931029368,16.660140931029368,1222.5780639648451,57.76620254516602,3331.9011474609383,59.700000762939496,0.1639467597007751,0.0,84.60069885253907,85.5034790039063,48.75289344787602,5.582031393051149,0.3758015334606172,0.6538194537162783,-0.9027801513672388,0.2780179202556611,True,True
2021-11-06 20:01:00,validacion,38.56481399536132,56.40551458103989,-17.84070058567857,17.84070058567857,1222.187463378907,57.92245254516602,3324.272485351564,59.700000762939496,0.1644097208976744,0.0,84.5920181274414,85.5034790039063,49.08854103088383,5.584635686874391,0.3762153089046478,0.6521412193775176,-0.9114608764649006,0.2759259104728697,True,True
2021-11-06 20:01:10,validacion,38.463540649414064,56.50594614679767,-18.042405497383605,18.042405497383605,1222.200463867189,56.88657302856446,3318.845996093752,59.700000762939496,0.1635127335786822,0.0,84.51389160156246,85.49045791625981,49.589118957519545,5.979166841506959,0.3755787312984467,0.6517939984798432,-0.9765663146973508,0.2762152671813965,True,True
2021-11-06 20:01:20,validacion,40.80439758300782,57.184695381898116,-16.380297798890297,16.380297798890297,1224.010375976562,56.58275375366212,3314.162231445316,59.700000762939496,0.1638599544763566,0.0,84.5052108764648,85.460075378418,49.589118957519545,5.962673807144167,0.3737326562404633,0.6516782581806184,-0.954864501953196,0.2779456019401551,True,True
2021-11-06 20:01:30,validacion,41.12268524169925,58.12478195015476,-17.00209670845551,17.00209670845551,1224.4661132812512,57.08043899536133,3320.723315429689,59.700000762939496,0.1640046298503876,0.0,84.48784942626952,85.44271392822267,49.589118957519545,5.938802337646485,0.3739236295223235,0.6518518686294555,-0.9548645019531534,0.277928239107132,True,True
2021-11-06 20:01:40,validacion,41.8402774810791,58.08212026836995,-16.24184278729085,16.24184278729085,1226.1067260742188,57.17303161621095,3326.9938964843773,59.700000762939496,0.1636863440275194,0.0,84.46614761352542,85.3732681274414,49.5833320617676,5.910590648651123,0.373127907514572,0.6512731671333316,-0.9071205139159844,0.2781452596187596,True,True
2021-11-06 20:01:50,validacion,42.4160873413086,58.26724121538612,-15.851153874077525,15.851153874077525,1226.275988769534,56.67823944091797,3330.055102539066,59.700000762939496,0.1638599544763566,0.0,84.4618072509766,85.3732681274414,49.56886482238773,5.8828127861022965,0.3733188807964324,0.6511574268341068,-0.9114608764648012,0.2778385460376744,True,True
